{
  "num_classes": 4,
  "test_samples": 22639,
  "test_loss": 0.20186208966764038,
  "mIoU": 0.8239328647889048,
  "mean_f1": 0.8999814218784896,
  "overall_pixel_accuracy": 92.16344509454692,
  "time_seconds": 1201.890048980713,
  "per_class": {
    "Urbano/Construido": {
      "iou": 0.7536171120581118,
      "precision": 0.847201467296571,
      "recall": 0.8690646331650271,
      "f1": 0.8576444447529871
    },
    "Vegetacion/Bosque": {
      "iou": 0.880421723025972,
      "precision": 0.9367205120374748,
      "recall": 0.9354589005793554,
      "f1": 0.9360477844300706
    },
    "Agua": {
      "iou": 0.8685620317787369,
      "precision": 0.9322290010461862,
      "recall": 0.916211049114954,
      "f1": 0.9230666177746017
    },
    "Suelo desnudo/Arido": {
      "iou": 0.7931305922927987,
      "precision": 0.8901814038985352,
      "recall": 0.8767455333439385,
      "f1": 0.8831668405562989
    }
  }
}